호선명,지하철역,role,lat,lng,business_place,residential_place,mixed_place,place,dist
1호선,동대문,other,37.57110593971035,127.00976666369658,-1,-1,-1,-1,
1호선,동묘앞,other,37.57329730966541,127.01665530024688,-1,-1,-1,-1,
1호선,서울역,business,37.55566267132654,126.9723995344906,2,-1,-1,2,446.55517688550214
1호선,시청,business,37.56431993168064,126.97564721525154,2,-1,-1,2,643.9486806540152
1호선,신설동,other,37.57568330311578,127.02449537109462,-1,-1,-1,-1,
1호선,제기동,other,37.57837228457723,127.03376046869968,-1,-1,-1,-1,
1호선,종각,business,37.57044199061286,126.9833657641669,2,-1,-1,2,1477.0136631423336
1호선,종로3가,business,37.57123768590535,126.9921282612262,2,-1,-1,2,2007.7142225588939
1호선,종로5가,other,37.570988,127.001921,-1,-1,-1,-1,
1호선,청량리(서울시립대입구),other,37.579892576268506,127.04531652547182,-1,-1,-1,-1,
2호선,강남,business,37.49736696699724,127.02786315490349,0,-1,-1,0,1273.8991735949976
2호선,강변(동서울터미널),residential,37.535098,127.094695,-1,0,-1,4,6238.973310378671
2호선,건대입구,mixed,37.54065910963556,127.0696415597521,-1,-1,2,11,2090.955419058552
2호선,교대(법원.검찰청),business,37.49279345737089,127.01411393329036,0,-1,-1,0,2503.241112016769
2호선,구로디지털단지,mixed,37.48505751518334,126.90149541746273,-1,-1,1,10,4458.320463750653
2호선,구의(광진구청),other,37.537359662532594,127.08651759531142,-1,-1,-1,-1,
2호선,낙성대(강감찬),other,37.4711007,126.95999,-1,-1,-1,-1,
2호선,당산,residential,37.53415205735863,126.9020905495082,-1,1,-1,5,4164.280689370385
2호선,대림(구로구청),residential,37.49334572870372,126.89575596596283,-1,2,-1,6,4038.921456418562
2호선,도림천,other,37.51447,126.88264,-1,-1,-1,-1,
2호선,동대문역사문화공원(DDP),other,37.565682,127.008953,-1,-1,-1,-1,
2호선,뚝섬,other,37.547020554263966,127.04807085037945,-1,-1,-1,-1,
2호선,문래,other,37.516637,126.891505,-1,-1,-1,-1,
2호선,방배,other,37.48155477078008,126.9972400061135,-1,-1,-1,-1,
2호선,봉천,residential,37.48283944000596,126.94111397425712,-1,2,-1,6,1730.94712367415
2호선,사당,mixed,37.48438406278047,126.97403280543422,-1,-1,1,10,2425.354776869104
2호선,삼성(무역센터),business,37.50895307023809,127.0632213014762,0,-1,-1,0,2357.4395718370797
2호선,상왕십리,other,37.56430005455948,127.02958686524622,-1,-1,-1,-1,
2호선,서울대입구(관악구청),residential,37.48126975960335,126.95278529112817,-1,2,-1,6,2345.565111739984
2호선,서초,other,37.49168303406662,127.00777892568289,-1,-1,-1,-1,
2호선,선릉,business,37.50464643153688,127.04920627041982,0,-1,-1,0,1122.4021269154416
2호선,성수,business,37.54480943658188,127.05533034760548,0,-1,-1,0,4572.627992526383
2호선,시청,business,37.56431993168064,126.97564721525154,2,-1,-1,2,643.9486806540152
2호선,신답,other,37.5698,127.047095,-1,-1,-1,-1,
2호선,신당,other,37.565669,127.019452,-1,-1,-1,-1,
2호선,신대방,residential,37.48711938674781,126.91332432047685,-1,2,-1,6,2458.643452995135
2호선,신도림,mixed,37.508555315909,126.89122898911324,-1,-1,1,10,5413.238072178791
2호선,신림,mixed,37.48431992887807,126.92975985018224,-1,-1,1,10,2192.9612834163654
2호선,신설동,other,37.57568330311578,127.02449537109462,-1,-1,-1,-1,
2호선,신정네거리,other,37.52023308228248,126.85268543265587,-1,-1,-1,-1,
2호선,신촌,residential,37.559771,126.942367,-1,1,-1,5,1533.4678553917227
2호선,아현,other,37.55735592151439,126.95607371399475,-1,-1,-1,-1,
2호선,양천구청,other,37.51253877916507,126.86600720876028,-1,-1,-1,-1,
2호선,역삼,business,37.50042848242028,127.03590483928248,0,-1,-1,0,671.7271104360941
2호선,영등포구청,other,37.52571822723635,126.89652807009404,-1,-1,-1,-1,
2호선,왕십리(성동구청),residential,37.56129280207992,127.03724484828416,-1,0,-1,4,3654.362642658092
2호선,용답,other,37.562178,127.050853,-1,-1,-1,-1,
2호선,용두(동대문구청),other,37.574040303674174,127.03830077574668,-1,-1,-1,-1,
2호선,을지로3가,business,37.566147936268656,126.99099170395571,2,-1,-1,2,1573.708382832916
2호선,을지로4가,other,37.56645722210367,126.99799738511024,-1,-1,-1,-1,
2호선,을지로입구,business,37.566119417495074,126.98260642600862,2,-1,-1,2,1027.9047139052939
2호선,이대,other,37.55654771193129,126.94574117548296,-1,-1,-1,-1,
2호선,잠실(송파구청),mixed,37.51424340621623,127.10339984743408,-1,-1,2,11,2091.143022130472
2호선,잠실나루,other,37.52086748664375,127.10350964749668,-1,-1,-1,-1,
2호선,잠실새내,other,37.5116322759386,127.08620014290108,-1,-1,-1,-1,
2호선,종합운동장,other,37.51125023009749,127.07528841397652,-1,-1,-1,-1,
2호선,충정로(경기대입구),other,37.55987604952406,126.96342309233982,-1,-1,-1,-1,
2호선,한양대,other,37.55577018575893,127.04326353089188,-1,-1,-1,-1,
2호선,합정,residential,37.5489925872559,126.91398300105878,-1,1,-1,5,2209.504091499003
2호선,홍대입구,mixed,37.55673466648325,126.9245515730128,-1,-1,0,9,0.0
3호선,가락시장,other,37.49262375265571,127.11845843437312,-1,-1,-1,-1,
3호선,경복궁(정부서울청사),other,37.57596567594712,126.97413365201707,-1,-1,-1,-1,
3호선,경찰병원,other,37.49564322077213,127.12412156970288,-1,-1,-1,-1,
3호선,고속터미널,mixed,37.50483885125289,127.00386634886466,-1,-1,1,10,4839.190916077805
3호선,교대(법원.검찰청),business,37.49279345737089,127.01411393329036,0,-1,-1,0,2503.241112016769
3호선,구파발,other,37.63702699636522,126.91899211696432,-1,-1,-1,-1,
3호선,금호,other,37.54806231396788,127.01586482801342,-1,-1,-1,-1,
3호선,남부터미널(예술의전당),other,37.48474962298688,127.01627339714322,-1,-1,-1,-1,
3호선,녹번,other,37.60091946507972,126.93576542871703,-1,-1,-1,-1,
3호선,대청,other,37.49405159550611,127.0791739283744,-1,-1,-1,-1,
3호선,대치,other,37.49396072181887,127.06240348134602,-1,-1,-1,-1,
3호선,도곡,other,37.49072841109509,127.05568242908524,-1,-1,-1,-1,
3호선,독립문,other,37.574042435212895,126.95815870261268,-1,-1,-1,-1,
3호선,동대입구,other,37.55885563564389,127.0053515758039,-1,-1,-1,-1,
3호선,매봉,other,37.48681417054527,127.04593830256536,-1,-1,-1,-1,
3호선,무악재,other,37.58251450617984,126.95045380750116,-1,-1,-1,-1,
3호선,불광,other,37.61117376260042,126.92958881062188,-1,-1,-1,-1,
3호선,수서,residential,37.48728809788657,127.10169494325598,-1,0,-1,4,11442.131684120508
3호선,신사,other,37.51651630281475,127.02051749096624,-1,-1,-1,-1,
3호선,안국,other,37.57622646659184,126.98515892357796,-1,-1,-1,-1,
3호선,압구정,business,37.52645630674276,127.02879828727367,0,-1,-1,0,2332.0876519574194
3호선,약수,other,37.55486270741788,127.01091782508676,-1,-1,-1,-1,
3호선,양재(서초구청),business,37.48402826324271,127.0346411415171,0,-1,-1,0,2498.331548876985
3호선,연신내,residential,37.61916046901461,126.92086949978284,-1,1,-1,5,5930.719599191173
3호선,오금,other,37.50218689254858,127.12788866659848,-1,-1,-1,-1,
3호선,옥수,other,37.5412147984679,127.01783563756656,-1,-1,-1,-1,
3호선,을지로3가,business,37.566147936268656,126.99099170395571,2,-1,-1,2,1573.708382832916
3호선,일원,other,37.48415492101992,127.0838412402037,-1,-1,-1,-1,
3호선,잠원,other,37.512905604379725,127.01178638399094,-1,-1,-1,-1,
3호선,종로3가,business,37.57123768590535,126.9921282612262,2,-1,-1,2,2007.7142225588939
3호선,지축,other,37.64811400000001,126.913746,-1,-1,-1,-1,
3호선,충무로,business,37.56134894018797,126.99338924584126,2,-1,-1,2,1569.4454071197288
3호선,학여울,other,37.49648060445571,127.0708555580116,-1,-1,-1,-1,
3호선,홍제,other,37.58899211178838,126.94391952951024,-1,-1,-1,-1,
4호선,길음,other,37.60351795671336,127.0251180801966,-1,-1,-1,-1,
4호선,남태령,other,37.46466417956047,126.98854297431376,-1,-1,-1,-1,
4호선,노원,residential,37.655812595354526,127.06218852394072,-1,0,-1,4,7774.856912633337
4호선,동대문,other,37.57110593971035,127.00976666369658,-1,-1,-1,-1,
4호선,동대문역사문화공원(DDP),other,37.565682,127.008953,-1,-1,-1,-1,
4호선,동작(현충원),other,37.5033968337691,126.9763089415038,-1,-1,-1,-1,
4호선,명동,other,37.5609892,126.9861868,-1,-1,-1,-1,
4호선,미아(서울사이버대학),other,37.62737617229928,127.02597077208516,-1,-1,-1,-1,
4호선,미아사거리,residential,37.61399749665199,127.03024655194892,-1,0,-1,4,4354.48502460439
4호선,불암산,other,37.67026,127.079011,-1,-1,-1,-1,
4호선,사당,mixed,37.48438406278047,126.97403280543422,-1,-1,1,10,2425.354776869104
4호선,삼각지(전쟁기념관),other,37.5369869,126.9771015,-1,-1,-1,-1,
4호선,상계,other,37.67299089999999,127.0703498,-1,-1,-1,-1,
4호선,서울역,business,37.55566267132654,126.9723995344906,2,-1,-1,2,446.55517688550214
4호선,성신여대입구(돈암),other,37.592481949520426,127.01655028030102,-1,-1,-1,-1,
4호선,수유(강북구청),residential,37.63823406870083,127.02611923318312,-1,0,-1,4,6737.083625696132
4호선,숙대입구(갈월),other,37.54526422561212,126.97176135641872,-1,-1,-1,-1,
4호선,신용산,other,37.52959680687353,126.96827687497644,-1,-1,-1,-1,
4호선,쌍문,residential,37.64860493001756,127.03491226633054,-1,0,-1,4,7447.7418274159345
4호선,이촌(국립중앙박물관),other,37.52243958997263,126.97444671029878,-1,-1,-1,-1,
4호선,창동,residential,37.65327765604755,127.0480416391113,-1,0,-1,4,7632.219459737666
4호선,총신대입구(이수),other,37.48802796854292,126.982281895071,-1,-1,-1,-1,
4호선,충무로,business,37.56134894018797,126.99338924584126,2,-1,-1,2,1569.4454071197288
4호선,한성대입구(삼선교),other,37.58838136317347,127.00587126849756,-1,-1,-1,-1,
4호선,혜화,other,37.58157333415387,127.00200419541304,-1,-1,-1,-1,
4호선,회현(남대문시장),other,37.55890427386682,126.97907355303846,-1,-1,-1,-1,
5호선,강동,other,37.53609727695621,127.13234865633972,-1,-1,-1,-1,
5호선,강일,other,37.55737528893327,127.17558155190386,-1,-1,-1,-1,
5호선,개롱,other,37.498076391582494,127.13443907118028,-1,-1,-1,-1,
5호선,개화산,other,37.5721192384128,126.80632824857562,-1,-1,-1,-1,
5호선,거여,other,37.49333445162444,127.14418749865008,-1,-1,-1,-1,
5호선,고덕,other,37.55498435682309,127.1538171871996,-1,-1,-1,-1,
5호선,공덕,business,37.54389405950075,126.95146102612988,2,-1,-1,2,2703.2303307568623
5호선,광나루(장신대),other,37.545161513115765,127.1040171719911,-1,-1,-1,-1,
5호선,광화문(세종문화회관),business,37.5696765,126.976177,2,-1,-1,2,1239.2205382386633
5호선,군자(능동),other,37.556934474091946,127.07976872745276,-1,-1,-1,-1,
5호선,굽은다리(강동구민회관앞),other,37.545800531296,127.14283743789058,-1,-1,-1,-1,
5호선,길동,other,37.53782062327283,127.13978304015922,-1,-1,-1,-1,
5호선,김포공항,other,37.56202114212759,126.802569596774,-1,-1,-1,-1,
5호선,까치산,residential,37.53178100495218,126.84655294257188,-1,3,-1,7,5293.491380505991
5호선,답십리,other,37.56709626698672,127.05243189713228,-1,-1,-1,-1,
5호선,동대문역사문화공원(DDP),other,37.565682,127.008953,-1,-1,-1,-1,
5호선,둔촌동,other,37.52792027742191,127.13596286453593,-1,-1,-1,-1,
5호선,마곡,other,37.55986582469384,126.82620310783904,-1,-1,-1,-1,
5호선,마장,other,37.566127,127.042965,-1,-1,-1,-1,
5호선,마천,other,37.495027,127.152806,-1,-1,-1,-1,
5호선,마포,other,37.53982628952342,126.94579330703158,-1,-1,-1,-1,
5호선,명일,other,37.55130403047023,127.14416312041529,-1,-1,-1,-1,
5호선,목동,other,37.525863779120336,126.86490383032005,-1,-1,-1,-1,
5호선,미사,other,37.563118,127.192932,-1,-1,-1,-1,
5호선,발산,other,37.55836989351303,126.83820629379368,-1,-1,-1,-1,
5호선,방이,other,37.50873724347184,127.12610791321646,-1,-1,-1,-1,
5호선,방화,other,37.57709451960146,126.8130259710605,-1,-1,-1,-1,
5호선,상일동,other,37.556847044556825,127.16700709706176,-1,-1,-1,-1,
5호선,서대문,other,37.56585581829791,126.96694767195989,-1,-1,-1,-1,
5호선,송정,other,37.56127649339362,126.81171546452973,-1,-1,-1,-1,
5호선,신금호,other,37.5548075411513,127.0201658559206,-1,-1,-1,-1,
5호선,신길,other,37.517346,126.9164095,-1,-1,-1,-1,
5호선,신정(은행정),other,37.524987,126.856181,-1,-1,-1,-1,
5호선,아차산(어린이대공원후문),other,37.55180047085091,127.08944554425712,-1,-1,-1,-1,
5호선,애오개,other,37.55341150502426,126.95665163162124,-1,-1,-1,-1,
5호선,양평,other,37.525606,126.886191,-1,-1,-1,-1,
5호선,여의나루,other,37.52666135899239,126.93268675142608,-1,-1,-1,-1,
5호선,여의도,business,37.5216215809446,126.92370972949809,3,-1,-1,3,2609.128952654494
5호선,영등포구청,other,37.52571822723635,126.89652807009404,-1,-1,-1,-1,
5호선,영등포시장,other,37.522751329407896,126.9053629258166,-1,-1,-1,-1,
5호선,오금,other,37.50218689254858,127.12788866659848,-1,-1,-1,-1,
5호선,오목교(목동운동장앞),other,37.52513219151189,126.87488844440644,-1,-1,-1,-1,
5호선,올림픽공원(한국체대),other,37.5161821655637,127.13105950744884,-1,-1,-1,-1,
5호선,왕십리(성동구청),residential,37.56129280207992,127.03724484828416,-1,0,-1,4,3654.362642658092
5호선,우장산,other,37.54882403924785,126.8365222103371,-1,-1,-1,-1,
5호선,을지로4가,other,37.56645722210367,126.99799738511024,-1,-1,-1,-1,
5호선,장한평,other,37.56152412275688,127.06437208568728,-1,-1,-1,-1,
5호선,종로3가,business,37.57123768590535,126.9921282612262,2,-1,-1,2,2007.7142225588939
5호선,천호(풍납토성),residential,37.53811502961933,127.12448671755028,-1,0,-1,4,7485.005928912866
5호선,청구,other,37.56024933622041,127.01383762318396,-1,-1,-1,-1,
5호선,충정로(경기대입구),other,37.55987604952406,126.96342309233982,-1,-1,-1,-1,
5호선,하남검단산,other,37.539827,127.2231,-1,-1,-1,-1,
5호선,하남시청(덕풍?신장),other,37.5419669,127.2062976,-1,-1,-1,-1,
5호선,하남풍산,other,37.550263,126.9970831,-1,-1,-1,-1,
5호선,행당,other,37.55713833354044,127.0292600230087,-1,-1,-1,-1,
5호선,화곡,residential,37.54194609878696,126.84057815452093,-1,3,-1,7,5782.918046332042
6호선,고려대(종암),other,37.589993798777925,127.03629533116906,-1,-1,-1,-1,
6호선,공덕,business,37.54389405950075,126.95146102612988,2,-1,-1,2,2703.2303307568623
6호선,광흥창(서강),other,37.54772792950233,126.93121362562049,-1,-1,-1,-1,
6호선,구산,other,37.61163209356612,126.9170686419014,-1,-1,-1,-1,
6호선,녹사평(용산구청),other,37.53489214268974,126.98664574454246,-1,-1,-1,-1,
6호선,대흥(서강대앞),other,37.547674,126.942332,-1,-1,-1,-1,
6호선,독바위,other,37.61845276897667,126.93296148008154,-1,-1,-1,-1,
6호선,돌곶이,other,37.61103252710182,127.05700903613835,-1,-1,-1,-1,
6호선,동묘앞,other,37.57329730966541,127.01665530024688,-1,-1,-1,-1,
6호선,디지털미디어시티,business,37.57731700271372,126.89901731756916,1,-1,-1,1,0.0
6호선,마포구청,other,37.56427312053514,126.9025530496816,-1,-1,-1,-1,
6호선,망원,other,37.55585910263315,126.91008718789284,-1,-1,-1,-1,
6호선,버티고개,other,37.54819324227024,127.00738870965668,-1,-1,-1,-1,
6호선,보문,other,37.58510930994358,127.01931231375174,-1,-1,-1,-1,
6호선,봉화산(서울의료원),other,37.61723424087117,127.09154608593866,-1,-1,-1,-1,
6호선,불광,other,37.61117376260042,126.92958881062188,-1,-1,-1,-1,
6호선,삼각지(전쟁기념관),other,37.5369869,126.9771015,-1,-1,-1,-1,
6호선,상수,other,37.54765436698118,126.92325187272024,-1,-1,-1,-1,
6호선,상월곡(한국과학기술연구원),other,37.6058716207125,127.04781012738064,-1,-1,-1,-1,
6호선,새절(신사),other,37.59151721910183,126.9139173129588,-1,-1,-1,-1,
6호선,석계,other,37.61492456101739,127.06594267971394,-1,-1,-1,-1,
6호선,신내,other,37.61304690483601,127.1034525574782,-1,-1,-1,-1,
6호선,신당,other,37.565669,127.019452,-1,-1,-1,-1,
6호선,안암(고대병원앞),other,37.58645190525066,127.02870932118483,-1,-1,-1,-1,
6호선,약수,other,37.55486270741788,127.01091782508676,-1,-1,-1,-1,
6호선,역촌,other,37.60588462747197,126.923048451063,-1,-1,-1,-1,
6호선,연신내,residential,37.61916046901461,126.92086949978284,-1,1,-1,5,5930.719599191173
6호선,월곡(동덕여대),other,37.60220520097853,127.0415838214486,-1,-1,-1,-1,
6호선,월드컵경기장(성산),other,37.56996754294129,126.89893194188043,-1,-1,-1,-1,
6호선,응암,other,37.59896321504193,126.91592500447204,-1,-1,-1,-1,
6호선,이태원,other,37.53460961173082,126.9940830495346,-1,-1,-1,-1,
6호선,증산(명지대앞),other,37.58352926196434,126.90949508586424,-1,-1,-1,-1,
6호선,창신,other,37.57306100892004,127.0168106142304,-1,-1,-1,-1,
6호선,청구,other,37.56024933622041,127.01383762318396,-1,-1,-1,-1,
6호선,태릉입구,other,37.61792916879372,127.07512966971228,-1,-1,-1,-1,
6호선,한강진,other,37.54028507253922,127.00197865237232,-1,-1,-1,-1,
6호선,합정,residential,37.5489925872559,126.91398300105878,-1,1,-1,5,2209.504091499003
6호선,화랑대(서울여대입구),other,37.62005980271722,127.08398481310152,-1,-1,-1,-1,
6호선,효창공원앞,other,37.53867222482999,126.96287530604673,-1,-1,-1,-1,
7호선,가산디지털단지,business,37.481130156879466,126.88233218774404,3,-1,-1,3,3194.2768478551784
7호선,강남구청,other,37.51721695632317,127.04126963828,-1,-1,-1,-1,
7호선,건대입구,mixed,37.54065910963556,127.0696415597521,-1,-1,2,11,2090.955419058552
7호선,고속터미널,mixed,37.50483885125289,127.00386634886466,-1,-1,1,10,4839.190916077805
7호선,공릉(서울과학기술대),other,37.62557469923346,127.07329283381252,-1,-1,-1,-1,
7호선,광명사거리,residential,37.4793066,126.8546747,-1,3,-1,7,5183.7536104834035
7호선,군자(능동),other,37.556934474091946,127.07976872745276,-1,-1,-1,-1,
7호선,까치울,other,37.5062327,126.8113591,-1,-1,-1,-1,
7호선,남구로,other,37.486087,126.887272,-1,-1,-1,-1,
7호선,남성,other,37.48473947477951,126.97145089485716,-1,-1,-1,-1,
7호선,내방,other,37.48750721566179,126.99321371275778,-1,-1,-1,-1,
7호선,노원,residential,37.655812595354526,127.06218852394072,-1,0,-1,4,7774.856912633337
7호선,논현,other,37.51133061451594,127.0216370891702,-1,-1,-1,-1,
7호선,대림(구로구청),residential,37.49334572870372,126.89575596596283,-1,2,-1,6,4038.921456418562
7호선,도봉산,other,37.68929924117382,127.04623767796916,-1,-1,-1,-1,
7호선,마들,other,37.6648030404302,127.05788631709228,-1,-1,-1,-1,
7호선,먹골,other,37.61098277468011,127.077894433235,-1,-1,-1,-1,
7호선,면목,other,37.58847546853265,127.0873440951114,-1,-1,-1,-1,
7호선,반포,other,37.50831097824673,127.0119610215276,-1,-1,-1,-1,
7호선,보라매,other,37.5000847411346,126.92002830294444,-1,-1,-1,-1,
7호선,사가정,other,37.58057573024176,127.0882701339492,-1,-1,-1,-1,
7호선,상도,other,37.50315902197367,126.94817010008148,-1,-1,-1,-1,
7호선,상봉,other,37.5964077,127.0858246,-1,-1,-1,-1,
7호선,수락산,other,37.67892116943489,127.05556486620108,-1,-1,-1,-1,
7호선,숭실대입구(살피재),other,37.495908846279264,126.95398172936834,-1,-1,-1,-1,
7호선,신대방삼거리,other,37.49960253231366,126.9280217937874,-1,-1,-1,-1,
7호선,신풍,other,37.50022128400627,126.90928106733418,-1,-1,-1,-1,
7호선,어린이대공원(세종대),other,37.5481851613616,127.07478779079727,-1,-1,-1,-1,
7호선,온수(성공회대입구),other,37.49234545420575,126.82411494710904,-1,-1,-1,-1,
7호선,용마산(용마폭포공원),other,37.5728192,127.0911912,-1,-1,-1,-1,
7호선,이수,other,37.48497984927143,126.98107542952124,-1,-1,-1,-1,
7호선,자양(뚝섬한강공원),other,37.531544,127.066708,-1,-1,-1,-1,
7호선,장승배기,other,37.50457094121145,126.9388548744508,-1,-1,-1,-1,
7호선,장암,other,37.700145,127.0531804,-1,-1,-1,-1,
7호선,중계,other,37.6453659063148,127.06374439445428,-1,-1,-1,-1,
7호선,중곡,other,37.56610644912109,127.08472991711405,-1,-1,-1,-1,
7호선,중화,other,37.60230158736344,127.07917976297286,-1,-1,-1,-1,
7호선,천왕,other,37.48671218097952,126.83879895539022,-1,-1,-1,-1,
7호선,철산,residential,37.570176,126.983197,-1,1,-1,5,4985.874551435872
7호선,청담,other,37.5190237920898,127.05127771830456,-1,-1,-1,-1,
7호선,태릉입구,other,37.61792916879372,127.07512966971228,-1,-1,-1,-1,
7호선,하계,other,37.63724675860568,127.06772623854414,-1,-1,-1,-1,
7호선,학동,business,37.51389301558195,127.03112538605993,0,-1,-1,0,963.1288315271099
8호선,가락시장,other,37.49262375265571,127.11845843437312,-1,-1,-1,-1,
8호선,강동구청,other,37.53032246263641,127.12023524093304,-1,-1,-1,-1,
8호선,남위례,other,37.462856,127.139064,-1,-1,-1,-1,
8호선,남한산성입구(성남법원.검찰청),other,37.451548,127.159837,-1,-1,-1,-1,
8호선,단대오거리,other,37.44504999999999,127.156709,-1,-1,-1,-1,
8호선,모란,other,37.432124,127.129064,-1,-1,-1,-1,
8호선,몽촌토성(평화의문),other,37.5176243275448,127.11218692416509,-1,-1,-1,-1,
8호선,문정,other,37.48625939608584,127.12268435465135,-1,-1,-1,-1,
8호선,복정,other,37.470375,127.126685,-1,-1,-1,-1,
8호선,산성,other,37.457001,127.150027,-1,-1,-1,-1,
8호선,석촌,other,37.50524858637319,127.10715206438636,-1,-1,-1,-1,
8호선,송파,other,37.49950415450829,127.1127475785792,-1,-1,-1,-1,
8호선,수진,other,37.4376051,127.1409692,-1,-1,-1,-1,
8호선,신흥,other,37.440956,127.147509,-1,-1,-1,-1,
8호선,암사,other,37.55012621439297,127.12735700818776,-1,-1,-1,-1,
8호선,암사역사공원,other,37.5571422,127.1373175,-1,-1,-1,-1,
8호선,잠실(송파구청),mixed,37.51424340621623,127.10339984743408,-1,-1,2,11,2091.143022130472
8호선,장지,other,37.47866044267644,127.12614141888304,-1,-1,-1,-1,
8호선,천호(풍납토성),residential,37.53811502961933,127.12448671755028,-1,0,-1,4,7485.005928912866
9호선,가양,other,37.561059211764416,126.8551392041148,-1,-1,-1,-1,
9호선,개화,other,37.57853611422455,126.7980002435432,-1,-1,-1,-1,
9호선,고속터미널,mixed,37.50483885125289,127.00386634886466,-1,-1,1,10,4839.190916077805
9호선,공항시장,other,37.56598036254146,126.82606972766806,-1,-1,-1,-1,
9호선,구반포,other,37.501635855938616,126.98675906170132,-1,-1,-1,-1,
9호선,국회의사당,other,37.52883954653318,126.91640577325325,-1,-1,-1,-1,
9호선,김포공항,other,37.56202114212759,126.802569596774,-1,-1,-1,-1,
9호선,노들,other,37.51247386190163,126.95299177713372,-1,-1,-1,-1,
9호선,노량진,residential,37.51392871682386,126.94091693905705,-1,2,-1,6,4999.216565596842
9호선,당산,residential,37.53415205735863,126.9020905495082,-1,1,-1,5,4164.280689370385
9호선,동작(현충원),other,37.5033968337691,126.9763089415038,-1,-1,-1,-1,
9호선,등촌,other,37.55098013417975,126.86452524416733,-1,-1,-1,-1,
9호선,마곡나루(서울식물원),other,37.5694132,126.8350252,-1,-1,-1,-1,
9호선,사평,other,37.50424813717044,127.01518725290568,-1,-1,-1,-1,
9호선,샛강,other,37.51735744393207,126.92888100039396,-1,-1,-1,-1,
9호선,선유도,other,37.53787469366244,126.89366873088872,-1,-1,-1,-1,
9호선,신논현,other,37.50442287334148,127.0241732234991,-1,-1,-1,-1,
9호선,신목동,other,37.54416662059385,126.88280274540342,-1,-1,-1,-1,
9호선,신반포,other,37.50362791061676,126.99648891745744,-1,-1,-1,-1,
9호선,신방화,other,37.567578740235575,126.81662611885304,-1,-1,-1,-1,
9호선,양천향교,other,37.56813068964411,126.84128062542766,-1,-1,-1,-1,
9호선,여의도,business,37.5216215809446,126.92370972949809,3,-1,-1,3,2609.128952654494
9호선,염창,other,37.546890002077845,126.87439485092972,-1,-1,-1,-1,
9호선,증미,other,37.55795543203569,126.86124228864674,-1,-1,-1,-1,
9호선,흑석(중앙대입구),other,37.508819496709336,126.96371443607056,-1,-1,-1,-1,
9호선2~3단계,둔촌오륜,other,37.51957161359631,127.13802232025044,-1,-1,-1,-1,
9호선2~3단계,봉은사,other,37.51422708556162,127.06021670400304,-1,-1,-1,-1,
9호선2~3단계,삼성중앙,other,37.51313085910393,127.05363671780682,-1,-1,-1,-1,
9호선2~3단계,삼전,other,37.503881,127.089114,-1,-1,-1,-1,
9호선2~3단계,석촌,other,37.50524858637319,127.10715206438636,-1,-1,-1,-1,
9호선2~3단계,석촌고분,other,37.50247739929096,127.09696045413013,-1,-1,-1,-1,
9호선2~3단계,선정릉,other,37.510271982894245,127.04366147841344,-1,-1,-1,-1,
9호선2~3단계,송파나루,other,37.5102861806687,127.11221710411677,-1,-1,-1,-1,
9호선2~3단계,언주,other,37.507300921296405,127.0338952243552,-1,-1,-1,-1,
9호선2~3단계,올림픽공원(한국체대),other,37.5161821655637,127.13105950744884,-1,-1,-1,-1,
9호선2~3단계,종합운동장,other,37.51125023009749,127.07528841397652,-1,-1,-1,-1,
9호선2~3단계,중앙보훈병원,other,37.52867722577762,127.14846068356508,-1,-1,-1,-1,
9호선2~3단계,한성백제,other,37.51647638001374,127.11562804979108,-1,-1,-1,-1,
경강선,경기광주,other,37.398924,127.253313,-1,-1,-1,-1,
경강선,곤지암,other,37.4432532,126.9015412,-1,-1,-1,-1,
경강선,부발,other,37.550263,126.9970831,-1,-1,-1,-1,
경강선,삼동,other,37.408554,127.203656,-1,-1,-1,-1,
경강선,성남,other,37.394218,127.120578,-1,-1,-1,-1,
경강선,세종대왕릉,other,37.550263,126.9970831,-1,-1,-1,-1,
경강선,신둔도예촌,other,37.56521290000001,126.9773517,-1,-1,-1,-1,
경강선,여주,other,37.56521290000001,126.9773517,-1,-1,-1,-1,
경강선,이매,other,37.395846,127.128272,-1,-1,-1,-1,
경강선,이천,other,37.550263,126.9970831,-1,-1,-1,-1,
경강선,초월,other,37.373394,127.30001,-1,-1,-1,-1,
경강선,판교,other,37.394776,127.11116,-1,-1,-1,-1,
경부선,가산디지털단지,business,37.481130156879466,126.88233218774404,3,-1,-1,3,3194.2768478551784
경부선,관악,other,37.41957800000001,126.908476,-1,-1,-1,-1,
경부선,광명,other,37.416522,126.884789,-1,-1,-1,-1,
경부선,구로,other,37.50242662045135,126.88136055154648,-1,-1,-1,-1,
경부선,군포,other,37.354006,126.948539,-1,-1,-1,-1,
경부선,금정,residential,37.3719457,126.9436164,-1,2,-1,6,10934.405005886258
경부선,금천구청,other,37.46276385627999,126.89086940526208,-1,-1,-1,-1,
경부선,남영,other,37.540606,126.971316,-1,-1,-1,-1,
경부선,노량진,residential,37.51392871682386,126.94091693905705,-1,2,-1,6,4999.216565596842
경부선,당정,other,37.550263,126.9970831,-1,-1,-1,-1,
경부선,대방,other,37.5125541,126.9263706,-1,-1,-1,-1,
경부선,독산,other,37.4659942,126.8895083,-1,-1,-1,-1,
경부선,두정,other,37.56521290000001,126.9773517,-1,-1,-1,-1,
경부선,명학,other,37.385181,126.9354047,-1,-1,-1,-1,
경부선,병점,other,37.56521290000001,126.9773517,-1,-1,-1,-1,
경부선,서동탄,other,37.195683,127.051904,-1,-1,-1,-1,
경부선,서울역,business,37.55566267132654,126.9723995344906,2,-1,-1,2,446.55517688550214
경부선,서정리,other,37.550263,126.9970831,-1,-1,-1,-1,
경부선,석수,other,37.435161,126.902233,-1,-1,-1,-1,
경부선,성균관대,other,37.550263,126.9970831,-1,-1,-1,-1,
경부선,성환,other,37.550263,126.9970831,-1,-1,-1,-1,
경부선,세류,other,37.550263,126.9970831,-1,-1,-1,-1,
경부선,세마,other,37.56521290000001,126.9773517,-1,-1,-1,-1,
경부선,송탄,other,37.56521290000001,126.9773517,-1,-1,-1,-1,
경부선,수원,residential,37.2661617,126.9998207,-1,4,-1,8,0.0
경부선,신길,other,37.517346,126.9164095,-1,-1,-1,-1,
경부선,신도림,mixed,37.508555315909,126.89122898911324,-1,-1,1,10,5413.238072178791
경부선,안양,other,37.401938,126.922661,-1,-1,-1,-1,
경부선,영등포,business,37.51570214674419,126.90709777691302,3,-1,-1,3,1306.4733243551145
경부선,오산,other,37.56521290000001,126.9773517,-1,-1,-1,-1,
경부선,오산대,other,37.550263,126.9970831,-1,-1,-1,-1,
경부선,용산,business,37.5302623552408,126.9642921209886,2,-1,-1,2,3307.1438870049847
경부선,의왕,other,37.320648,126.948099,-1,-1,-1,-1,
경부선,직산,other,37.550263,126.9970831,-1,-1,-1,-1,
경부선,진위,other,37.550263,126.9970831,-1,-1,-1,-1,
경부선,천안,other,37.56521290000001,126.9773517,-1,-1,-1,-1,
경부선,평택,other,37.550263,126.9970831,-1,-1,-1,-1,
경부선,평택지제,other,37.550263,126.9970831,-1,-1,-1,-1,
경부선,화서,other,37.28399,126.989581,-1,-1,-1,-1,
경원선,가능,other,37.550263,126.9970831,-1,-1,-1,-1,
경원선,광운대,other,37.622928786219454,127.0617854381453,-1,-1,-1,-1,
경원선,녹양,other,37.759425,127.042293,-1,-1,-1,-1,
경원선,녹천,other,37.645830712916165,127.05087759825528,-1,-1,-1,-1,
경원선,덕계,other,37.56521290000001,126.9773517,-1,-1,-1,-1,
경원선,덕정,other,37.550263,126.9970831,-1,-1,-1,-1,
경원선,도봉,other,37.67911620200704,127.04549029215724,-1,-1,-1,-1,
경원선,도봉산,other,37.68929924117382,127.04623767796916,-1,-1,-1,-1,
경원선,동두천,other,37.550263,126.9970831,-1,-1,-1,-1,
경원선,동두천중앙,other,37.550263,126.9970831,-1,-1,-1,-1,
경원선,망월사,other,37.710507,127.04738,-1,-1,-1,-1,
경원선,방학,other,37.66779689973606,127.0442742815382,-1,-1,-1,-1,
경원선,보산,other,37.550263,126.9970831,-1,-1,-1,-1,
경원선,서빙고,other,37.51949580748297,126.98953626942787,-1,-1,-1,-1,
경원선,석계,other,37.61492456101739,127.06594267971394,-1,-1,-1,-1,
경원선,소요산,other,37.550263,126.9970831,-1,-1,-1,-1,
경원선,신이문,other,37.60284688905253,127.06788428875328,-1,-1,-1,-1,
경원선,양주,other,37.550263,126.9970831,-1,-1,-1,-1,
경원선,연천,other,37.550263,126.9970831,-1,-1,-1,-1,
경원선,옥수,other,37.5412147984679,127.01783563756656,-1,-1,-1,-1,
경원선,왕십리(성동구청),residential,37.56129280207992,127.03724484828416,-1,0,-1,4,3654.362642658092
경원선,외대앞,other,37.595518,127.059615,-1,-1,-1,-1,
경원선,월계,other,37.63195944024424,127.05872948619532,-1,-1,-1,-1,
경원선,응봉,other,37.5504328,127.0348241,-1,-1,-1,-1,
경원선,의정부,other,37.7387295,127.0458908,-1,-1,-1,-1,
경원선,이촌(국립중앙박물관),other,37.52243958997263,126.97444671029878,-1,-1,-1,-1,
경원선,전곡,other,37.550263,126.9970831,-1,-1,-1,-1,
경원선,지행,other,37.892369,127.055757,-1,-1,-1,-1,
경원선,창동,residential,37.65327765604755,127.0480416391113,-1,0,-1,4,7632.219459737666
경원선,청량리(서울시립대입구),other,37.579892576268506,127.04531652547182,-1,-1,-1,-1,
경원선,청산,other,37.550263,126.9970831,-1,-1,-1,-1,
경원선,한남,other,37.53752790000001,127.0051334,-1,-1,-1,-1,
경원선,회룡,other,37.724045,127.047339,-1,-1,-1,-1,
경의선,가좌,other,37.5686275813706,126.91464162226954,-1,-1,-1,-1,
경의선,강매,other,37.6125959,126.8454369,-1,-1,-1,-1,
경의선,검암,other,37.5692314,126.6736077,-1,-1,-1,-1,
경의선,계양,other,37.571594,126.7363805,-1,-1,-1,-1,
경의선,곡산,other,37.6457328,126.8018208,-1,-1,-1,-1,
경의선,공덕,business,37.54389405950075,126.95146102612988,2,-1,-1,2,2703.2303307568623
경의선,금릉,other,37.751306,126.765422,-1,-1,-1,-1,
경의선,금촌,other,37.766106,126.774515,-1,-1,-1,-1,
경의선,김포공항,other,37.56202114212759,126.802569596774,-1,-1,-1,-1,
경의선,능곡,other,37.550263,126.9970831,-1,-1,-1,-1,
경의선,디지털미디어시티,business,37.57731700271372,126.89901731756916,1,-1,-1,1,0.0
경의선,문산,other,37.56521290000001,126.9773517,-1,-1,-1,-1,
경의선,백마,other,37.550263,126.9970831,-1,-1,-1,-1,
경의선,서강대,other,37.5524619143501,126.93487463646905,-1,-1,-1,-1,
경의선,서울역,business,37.55566267132654,126.9723995344906,2,-1,-1,2,446.55517688550214
경의선,수색,other,37.5855741,126.8945457,-1,-1,-1,-1,
경의선,신촌,residential,37.559771,126.942367,-1,1,-1,5,1533.4678553917227
경의선,야당,other,37.7127491,126.7615354,-1,-1,-1,-1,
경의선,운정,other,37.725402,126.767152,-1,-1,-1,-1,
경의선,운천,other,37.879914,126.769819,-1,-1,-1,-1,
경의선,월롱,other,37.550263,126.9970831,-1,-1,-1,-1,
경의선,일산,other,37.550263,126.9970831,-1,-1,-1,-1,
경의선,임진강,other,37.550263,126.9970831,-1,-1,-1,-1,
경의선,탄현,other,37.550263,126.9970831,-1,-1,-1,-1,
경의선,파주,other,37.550263,126.9970831,-1,-1,-1,-1,
경의선,풍산,other,37.550263,126.9970831,-1,-1,-1,-1,
경의선,한국항공대,other,37.602908,126.868386,-1,-1,-1,-1,
경의선,행신,other,37.550263,126.9970831,-1,-1,-1,-1,
경의선,홍대입구,mixed,37.55673466648325,126.9245515730128,-1,-1,0,9,0.0
경의선,효창공원앞,other,37.53867222482999,126.96287530604673,-1,-1,-1,-1,
경인선,간석,other,37.464689,126.693408,-1,-1,-1,-1,
경인선,개봉,other,37.4945209562524,126.85911494891651,-1,-1,-1,-1,
경인선,구일,other,37.496261,126.86959,-1,-1,-1,-1,
경인선,도원,other,37.46871,126.642611,-1,-1,-1,-1,
경인선,도화,other,37.466128,126.6685204,-1,-1,-1,-1,
경인선,동암,other,37.470869,126.702884,-1,-1,-1,-1,
경인선,동인천,other,37.56521290000001,126.9773517,-1,-1,-1,-1,
경인선,백운,other,37.483301,126.707179,-1,-1,-1,-1,
경인선,부개,other,37.550263,126.9970831,-1,-1,-1,-1,
경인선,부천,residential,37.484085,126.782803,-1,3,-1,7,2440.4668633432047
경인선,부평,residential,37.489481,126.724517,-1,3,-1,7,6930.876306139971
경인선,소사,other,37.550263,126.9970831,-1,-1,-1,-1,
경인선,송내,residential,37.487626,126.753045,-1,3,-1,7,4527.353311513922
경인선,역곡,residential,37.4851398,126.8116223,-1,3,-1,7,1849.9384956925821
경인선,오류동,other,37.49442244416471,126.84432435803524,-1,-1,-1,-1,
경인선,온수(성공회대입구),other,37.49234545420575,126.82411494710904,-1,-1,-1,-1,
경인선,인천,other,37.56521290000001,126.9773517,-1,-1,-1,-1,
경인선,제물포,other,37.5542316,126.9740458,-1,-1,-1,-1,
경인선,주안,other,37.4650414,126.6807024,-1,-1,-1,-1,
경인선,중동,other,37.486675,126.76449,-1,-1,-1,-1,
경춘선,가평,other,37.56521290000001,126.9773517,-1,-1,-1,-1,
경춘선,갈매,other,37.6348265,127.1156625,-1,-1,-1,-1,
경춘선,강촌,other,37.56521290000001,126.9773517,-1,-1,-1,-1,
경춘선,굴봉산,other,37.4809799,126.8271976,-1,-1,-1,-1,
경춘선,금곡,other,37.637364,127.20762,-1,-1,-1,-1,
경춘선,김유정,other,37.55319799999999,126.906124,-1,-1,-1,-1,
경춘선,남춘천,other,37.550263,126.9970831,-1,-1,-1,-1,
경춘선,대성리,other,37.550263,126.9970831,-1,-1,-1,-1,
경춘선,마석,other,37.550263,126.9970831,-1,-1,-1,-1,
경춘선,백양리,other,37.550263,126.9970831,-1,-1,-1,-1,
경춘선,별내,other,37.6423984,127.1275771,-1,-1,-1,-1,
경춘선,사릉,other,37.651145,127.176839,-1,-1,-1,-1,
경춘선,상천,other,37.770405,127.4542002,-1,-1,-1,-1,
경춘선,신내,other,37.61304690483601,127.1034525574782,-1,-1,-1,-1,
경춘선,천마산,other,37.65899539999999,127.2857308,-1,-1,-1,-1,
경춘선,청평,other,37.73546899999999,127.426589,-1,-1,-1,-1,
경춘선,춘천,other,37.8846755,127.716753,-1,-1,-1,-1,
경춘선,퇴계원,other,37.550263,126.9970831,-1,-1,-1,-1,
경춘선,평내호평,other,37.550263,126.9970831,-1,-1,-1,-1,
공항철도 1호선,검암,other,37.5692314,126.6736077,-1,-1,-1,-1,
공항철도 1호선,계양,other,37.571594,126.7363805,-1,-1,-1,-1,
공항철도 1호선,공덕,business,37.54389405950075,126.95146102612988,2,-1,-1,2,2703.2303307568623
공항철도 1호선,공항화물청사,other,37.550263,126.9970831,-1,-1,-1,-1,
공항철도 1호선,김포공항,other,37.56202114212759,126.802569596774,-1,-1,-1,-1,
공항철도 1호선,디지털미디어시티,business,37.57731700271372,126.89901731756916,1,-1,-1,1,0.0
공항철도 1호선,마곡나루(서울식물원),other,37.5694132,126.8350252,-1,-1,-1,-1,
공항철도 1호선,서울역,business,37.55566267132654,126.9723995344906,2,-1,-1,2,446.55517688550214
공항철도 1호선,영종,other,37.51996219999999,126.9032423,-1,-1,-1,-1,
공항철도 1호선,운서,other,37.56521290000001,126.9773517,-1,-1,-1,-1,
공항철도 1호선,인천공항1터미널,other,37.4475951,126.4580803,-1,-1,-1,-1,
공항철도 1호선,인천공항2터미널,other,37.4688875,126.433359,-1,-1,-1,-1,
공항철도 1호선,청라국제도시,other,37.550263,126.9970831,-1,-1,-1,-1,
공항철도 1호선,홍대입구,mixed,37.55673466648325,126.9245515730128,-1,-1,0,9,0.0
과천선,경마공원,other,37.443959,127.007767,-1,-1,-1,-1,
과천선,과천,other,37.432785,126.996542,-1,-1,-1,-1,
과천선,대공원,other,37.435656,127.006655,-1,-1,-1,-1,
과천선,범계,residential,37.389854,126.950627,-1,2,-1,6,9057.351935772575
과천선,선바위,other,37.451854,127.002164,-1,-1,-1,-1,
과천선,인덕원,other,37.6179065,126.9166665,-1,-1,-1,-1,
과천선,정부과천청사,other,37.4264825,126.9900215,-1,-1,-1,-1,
과천선,평촌,other,37.394346,126.96388,-1,-1,-1,-1,
분당선,가천대,other,37.44960200000001,127.126635,-1,-1,-1,-1,
분당선,강남구청,other,37.51721695632317,127.04126963828,-1,-1,-1,-1,
분당선,개포동,other,37.48927838332698,127.06614287641952,-1,-1,-1,-1,
분당선,구룡,other,37.486751009470055,127.05976177332975,-1,-1,-1,-1,
분당선,구성,other,37.56521290000001,126.9773517,-1,-1,-1,-1,
분당선,기흥,other,37.56521290000001,126.9773517,-1,-1,-1,-1,
분당선,대모산입구,other,37.49157477585504,127.07323337475069,-1,-1,-1,-1,
분당선,도곡,other,37.49072841109509,127.05568242908524,-1,-1,-1,-1,
분당선,망포,other,37.550263,126.9970831,-1,-1,-1,-1,
분당선,매교,other,37.550263,126.9970831,-1,-1,-1,-1,
분당선,매탄권선,other,37.252704,127.040661,-1,-1,-1,-1,
분당선,모란,other,37.432124,127.129064,-1,-1,-1,-1,
분당선,미금,other,37.350078,127.108952,-1,-1,-1,-1,
분당선,보정,other,37.312747,127.108232,-1,-1,-1,-1,
분당선,복정,other,37.470375,127.126685,-1,-1,-1,-1,
분당선,상갈,other,37.261797,127.108718,-1,-1,-1,-1,
분당선,서울숲,other,37.5431930448426,127.04459239755532,-1,-1,-1,-1,
분당선,서현,other,37.384994,127.123402,-1,-1,-1,-1,
분당선,선릉,business,37.50464643153688,127.04920627041982,0,-1,-1,0,1122.4021269154416
분당선,선정릉,other,37.510271982894245,127.04366147841344,-1,-1,-1,-1,
분당선,수내,other,37.378442,127.11423,-1,-1,-1,-1,
분당선,수서,residential,37.48728809788657,127.10169494325598,-1,0,-1,4,11442.131684120508
분당선,수원,residential,37.2661617,126.9998207,-1,4,-1,8,0.0
분당선,수원시청,other,37.550263,126.9970831,-1,-1,-1,-1,
분당선,신갈,other,37.550263,126.9970831,-1,-1,-1,-1,
분당선,압구정로데오,other,37.528029698971565,127.04077896895392,-1,-1,-1,-1,
분당선,야탑,other,37.41132,127.128674,-1,-1,-1,-1,
분당선,영통,other,37.550263,126.9970831,-1,-1,-1,-1,
분당선,오리,other,37.339832,127.108985,-1,-1,-1,-1,
분당선,이매,other,37.395846,127.128272,-1,-1,-1,-1,
분당선,정자,other,37.366766,127.108265,-1,-1,-1,-1,
분당선,죽전,other,37.324583,127.107398,-1,-1,-1,-1,
분당선,청명,other,37.2595832,127.0790738,-1,-1,-1,-1,
분당선,태평,other,37.439854,127.128035,-1,-1,-1,-1,
분당선,한티,other,37.49635259181908,127.05313168598836,-1,-1,-1,-1,
서해선,김포공항,other,37.56202114212759,126.802569596774,-1,-1,-1,-1,
서해선,부천종합운동장,other,37.505452,126.797498,-1,-1,-1,-1,
서해선,원종,other,37.550263,126.9970831,-1,-1,-1,-1,
수인선,고색,other,37.249668,126.980289,-1,-1,-1,-1,
수인선,남동인더스파크,other,37.550263,126.9970831,-1,-1,-1,-1,
수인선,달월,other,37.380008,126.745449,-1,-1,-1,-1,
수인선,사리,other,37.550263,126.9970831,-1,-1,-1,-1,
수인선,소래포구,other,37.550263,126.9970831,-1,-1,-1,-1,
수인선,송도,other,37.429714,126.654485,-1,-1,-1,-1,
수인선,숭의,other,37.550263,126.9970831,-1,-1,-1,-1,
수인선,신포,other,37.550263,126.9970831,-1,-1,-1,-1,
수인선,야목,other,37.26119,126.884077,-1,-1,-1,-1,
수인선,어천,other,37.56521290000001,126.9773517,-1,-1,-1,-1,
수인선,연수,other,37.550263,126.9970831,-1,-1,-1,-1,
수인선,오목천,other,37.243486,126.964121,-1,-1,-1,-1,
수인선,원인재,other,37.550263,126.9970831,-1,-1,-1,-1,
수인선,월곶,other,37.391813,126.742693,-1,-1,-1,-1,
수인선,인천,other,37.56521290000001,126.9773517,-1,-1,-1,-1,
수인선,인천논현,other,37.550263,126.9970831,-1,-1,-1,-1,
수인선,인하대,other,37.4482422,126.6499823,-1,-1,-1,-1,
수인선,호구포,other,37.550263,126.9970831,-1,-1,-1,-1,
신림선,관악산(서울대),other,37.46893499999999,126.945149,-1,-1,-1,-1,
신림선,당곡,other,37.490253,126.927559,-1,-1,-1,-1,
신림선,대방,other,37.5125541,126.9263706,-1,-1,-1,-1,
신림선,보라매,other,37.5000847411346,126.92002830294444,-1,-1,-1,-1,
신림선,보라매공원,other,37.49539600000001,126.91826,-1,-1,-1,-1,
신림선,보라매병원,other,37.49297000000001,126.923812,-1,-1,-1,-1,
신림선,샛강,other,37.51735744393207,126.92888100039396,-1,-1,-1,-1,
신림선,서울대벤처타운,other,37.472059,126.933892,-1,-1,-1,-1,
신림선,서울지방병무청,other,37.505772,126.922594,-1,-1,-1,-1,
신림선,서원,other,37.478229,126.933146,-1,-1,-1,-1,
신림선,신림,mixed,37.48431992887807,126.92975985018224,-1,-1,1,10,2192.9612834163654
안산선,고잔,other,37.3168267,126.8230369,-1,-1,-1,-1,
안산선,대야미,other,37.328304,126.91716,-1,-1,-1,-1,
안산선,반월,other,37.312244,126.903684,-1,-1,-1,-1,
안산선,산본,other,37.358028,126.932983,-1,-1,-1,-1,
안산선,상록수,other,37.550263,126.9970831,-1,-1,-1,-1,
안산선,수리산,other,37.550263,126.9970831,-1,-1,-1,-1,
안산선,신길온천,other,37.337488,126.767306,-1,-1,-1,-1,
안산선,안산,other,37.56521290000001,126.9773517,-1,-1,-1,-1,
안산선,오이도,other,37.56521290000001,126.9773517,-1,-1,-1,-1,
안산선,정왕,other,37.351816,126.742844,-1,-1,-1,-1,
안산선,중앙,other,37.550263,126.9970831,-1,-1,-1,-1,
안산선,초지,other,37.32058300000001,126.806151,-1,-1,-1,-1,
안산선,한대앞,other,37.309685,126.853656,-1,-1,-1,-1,
우이신설선,4.19민주묘지,other,37.649580712891975,127.01369668483262,-1,-1,-1,-1,
우이신설선,가오리,other,37.641530460009065,127.01676008274266,-1,-1,-1,-1,
우이신설선,보문,other,37.58510930994358,127.01931231375174,-1,-1,-1,-1,
우이신설선,북한산보국문,other,37.61223590056064,127.00817593598477,-1,-1,-1,-1,
우이신설선,북한산우이,other,37.6630423334514,127.01264580861351,-1,-1,-1,-1,
우이신설선,삼양,other,37.626715649863726,127.01823299449664,-1,-1,-1,-1,
우이신설선,삼양사거리,other,37.62127755207087,127.0206351222714,-1,-1,-1,-1,
우이신설선,성신여대입구(돈암),other,37.592481949520426,127.01655028030102,-1,-1,-1,-1,
우이신설선,솔밭공원,other,37.65595862201303,127.0132881045766,-1,-1,-1,-1,
우이신설선,솔샘,other,37.62020426331758,127.0133870440046,-1,-1,-1,-1,
우이신설선,신설동,other,37.57568330311578,127.02449537109462,-1,-1,-1,-1,
우이신설선,정릉,other,37.602854160004746,127.0134115964473,-1,-1,-1,-1,
우이신설선,화계,other,37.63399419319904,127.01750110555136,-1,-1,-1,-1,
일산선,대곡,other,37.631957,126.8102965,-1,-1,-1,-1,
일산선,대화,other,37.6758831,126.7477558,-1,-1,-1,-1,
일산선,마두,other,37.652185,126.777641,-1,-1,-1,-1,
일산선,백석,other,37.550263,126.9970831,-1,-1,-1,-1,
일산선,삼송,other,37.653096,126.895559,-1,-1,-1,-1,
일산선,원당,other,37.65326,126.842985,-1,-1,-1,-1,
일산선,원흥,other,37.5347978,126.90265,-1,-1,-1,-1,
일산선,정발산,other,37.6596496,126.7732889,-1,-1,-1,-1,
일산선,주엽,other,37.670186,126.7611005,-1,-1,-1,-1,
일산선,지축,other,37.64811400000001,126.913746,-1,-1,-1,-1,
일산선,화정,other,37.634643,126.832633,-1,-1,-1,-1,
장항선,배방,other,37.550263,126.9970831,-1,-1,-1,-1,
장항선,봉명,other,37.550263,126.9970831,-1,-1,-1,-1,
장항선,신창(순천향대),other,37.56521290000001,126.9773517,-1,-1,-1,-1,
장항선,쌍용(나사렛대),other,37.550263,126.9970831,-1,-1,-1,-1,
장항선,아산,other,37.56521290000001,126.9773517,-1,-1,-1,-1,
장항선,온양온천,other,37.56521290000001,126.9773517,-1,-1,-1,-1,
장항선,탕정,other,37.550263,126.9970831,-1,-1,-1,-1,
중앙선,구리,other,37.6033064,127.1432928,-1,-1,-1,-1,
중앙선,국수,other,37.550263,126.9970831,-1,-1,-1,-1,
중앙선,덕소,other,37.587199,127.208547,-1,-1,-1,-1,
중앙선,도농,other,37.608763,127.161123,-1,-1,-1,-1,
중앙선,도심,other,37.550263,126.9970831,-1,-1,-1,-1,
중앙선,망우,other,37.59978956125915,127.09210209428792,-1,-1,-1,-1,
중앙선,상봉,other,37.5964077,127.0858246,-1,-1,-1,-1,
중앙선,신원,other,37.550263,126.9970831,-1,-1,-1,-1,
중앙선,아신,other,37.513555,127.443113,-1,-1,-1,-1,
중앙선,양수,other,37.550263,126.9970831,-1,-1,-1,-1,
중앙선,양원,other,37.60660738513951,127.1079427312282,-1,-1,-1,-1,
중앙선,양정,other,37.604269,127.194602,-1,-1,-1,-1,
중앙선,양평,other,37.525606,126.886191,-1,-1,-1,-1,
중앙선,오빈,other,37.506129,127.473804,-1,-1,-1,-1,
중앙선,용문,other,37.5376512,126.9596927,-1,-1,-1,-1,
중앙선,운길산,other,37.550263,126.9970831,-1,-1,-1,-1,
중앙선,원덕,other,37.550263,126.9970831,-1,-1,-1,-1,
중앙선,중랑,other,37.594904,127.075833,-1,-1,-1,-1,
중앙선,지평,other,37.476818,127.628907,-1,-1,-1,-1,
중앙선,팔당,other,37.547376,127.243813,-1,-1,-1,-1,
중앙선,회기,other,37.58974156945736,127.05792751143424,-1,-1,-1,-1,
